[{"domain":".spotify.com","expiry":1601557157,"httpOnly":false,"name":"_hjid","path":"/","secure":true,"value":"03769373-2f6e-44b0-9a3d-c0a091ba0e4d"},{"domain":".spotify.com","expiry":1602334692,"httpOnly":false,"name":"sp_key","path":"/","secure":true,"value":"6e07831e-5a29-4670-8e92-59e51914c8b9"},{"domain":".spotify.com","expiry":1633873230,"httpOnly":false,"name":"_ga","path":"/","secure":false,"value":"GA1.2.1551558123.1570798689"},{"domain":".spotify.com","expiry":1578574751,"httpOnly":false,"name":"_gcl_au","path":"/","secure":true,"value":"1.1.986876223.1570798751"},{"domain":".spotify.com","expiry":1602337231.176086,"httpOnly":false,"name":"sp_adid","path":"/","secure":true,"value":"2bb9d716-0bea-4adc-bacb-4f4e4cf65ad8"},{"domain":".spotify.com","expiry":1578574753,"httpOnly":false,"name":"_fbp","path":"/","secure":true,"value":"fb.1.1570798752604.2146482084"},{"domain":".spotify.com","expiry":1573393227.058792,"httpOnly":false,"name":"sp_ab","path":"/","secure":true,"value":"%7B%7D"},{"domain":".spotify.com","expiry":1570887630,"httpOnly":false,"name":"_gid","path":"/","secure":false,"value":"GA1.2.1098564825.1570798689"},{"domain":".spotify.com","expiry":1570885148,"httpOnly":false,"name":"sp_new","path":"/","secure":true,"value":"1"},{"domain":".spotify.com","expiry":1570801263,"httpOnly":false,"name":"_gat_gtag_UA_5784146_31","path":"/","secure":true,"value":"1"},{"domain":".spotify.com","expiry":1602334692,"httpOnly":true,"name":"sp_dc","path":"/","secure":true,"value":"AQA7I-ASjgPAPB2SoJIgKbcpKue6MKdhwP_Xy1XLNV3AX3t6d7S8Zwi9bXC8f3k3C8c8f_MbNji-gyQmbIbbUhONjnp84z8ewSZwYlDOmgs"},{"domain":".spotify.com","expiry":1604985453,"httpOnly":false,"name":"_sctr","path":"/","secure":true,"value":"1|1570732200000"},{"domain":".spotify.com","expiry":1570801253,"httpOnly":false,"name":"_gat_UA-5784146-31","path":"/","secure":true,"value":"1"},{"domain":".spotify.com","expiry":1633871518,"httpOnly":false,"name":"_ga_0KW7E1R008","path":"/","secure":true,"value":"GS1.1.1570798751.1.0.1570799518.0"},{"domain":".spotify.com","expiry":1604985450,"httpOnly":false,"name":"_scid","path":"/","secure":true,"value":"477e4f07-748b-4c9d-bb53-500762df8656"},{"domain":".spotify.com","expiry":1570885093,"httpOnly":false,"name":"sp_landing","path":"/","secure":true,"value":"http%3A%2F%2Fopen.spotify.com%2Ftrack%2F4lJNen4SMTIJMahALc3DcB"},{"domain":".spotify.com","expiry":1575985235.022811,"httpOnly":false,"name":"sp_t","path":"/","secure":false,"value":"947625e3ce633d91f00be0743e18d2f3"},{"domain":".spotify.com","expiry":1686315548,"httpOnly":false,"name":"spot","path":"/","secure":true,"value":"%7B%22t%22%3A1570798747%2C%22m%22%3A%22in%22%2C%22p%22%3Anull%7D"},{"domain":".spotify.com","expiry":1570803011.564023,"httpOnly":false,"name":"sp_usid","path":"/","secure":true,"value":"266f8883-6166-43b6-b271-db5c976a77b7"}]