[{"domain":".spotify.com","expiry":1602335054,"httpOnly":false,"name":"sp_key","path":"/","secure":true,"value":"a60f771f-ab45-409f-bc27-02a8da34a137"},{"domain":".spotify.com","expiry":1570887632,"httpOnly":false,"name":"_gid","path":"/","secure":false,"value":"GA1.2.937387667.1570799051"},{"domain":".spotify.com","expiry":1602337231.035827,"httpOnly":false,"name":"sp_adid","path":"/","secure":true,"value":"71bc25a4-7766-4d8a-bc95-0438fed2e0cb"},{"domain":".spotify.com","expiry":1578575153,"httpOnly":false,"name":"_gcl_au","path":"/","secure":true,"value":"1.1.216404214.1570799153"},{"domain":".spotify.com","expiry":1578575155,"httpOnly":false,"name":"_fbp","path":"/","secure":true,"value":"fb.1.1570799154831.2144802242"},{"domain":".spotify.com","expiry":1573393226.827105,"httpOnly":false,"name":"sp_ab","path":"/","secure":true,"value":"%7B%7D"},{"domain":".spotify.com","expiry":1633873232,"httpOnly":false,"name":"_ga","path":"/","secure":false,"value":"GA1.2.146609833.1570799051"},{"domain":".spotify.com","expiry":1570885549,"httpOnly":false,"name":"sp_new","path":"/","secure":true,"value":"1"},{"domain":".spotify.com","expiry":1570801265,"httpOnly":false,"name":"_gat_gtag_UA_5784146_31","path":"/","secure":true,"value":"1"},{"domain":".spotify.com","expiry":1602335054,"httpOnly":true,"name":"sp_dc","path":"/","secure":true,"value":"AQC5MC4A3SlD7F3KsQyL64LN3_wOlO21aFOkUblpxw8NAdiKmB88UzcUe48KPftsehrEL7gKA-2VlQl41dKboguhLcjWmb_5WiLEl2610ZM"},{"domain":".spotify.com","expiry":1604985856,"httpOnly":false,"name":"_sctr","path":"/","secure":true,"value":"1|1570732200000"},{"domain":".spotify.com","expiry":1570801254,"httpOnly":false,"name":"_gat_UA-5784146-31","path":"/","secure":true,"value":"1"},{"domain":".spotify.com","expiry":1604985852,"httpOnly":false,"name":"_scid","path":"/","secure":true,"value":"049ce3af-ee03-47ff-b593-d1b89eb9bc06"},{"domain":".spotify.com","expiry":1633873202,"httpOnly":false,"name":"_ga_0KW7E1R008","path":"/","secure":true,"value":"GS1.1.1570801202.2.0.1570801202.0"},{"domain":".spotify.com","expiry":1570885455,"httpOnly":false,"name":"sp_landing","path":"/","secure":true,"value":"http%3A%2F%2Fopen.spotify.com%2Ftrack%2F4lJNen4SMTIJMahALc3DcB"},{"domain":".spotify.com","expiry":1686315949,"httpOnly":false,"name":"spot","path":"/","secure":true,"value":"%7B%22t%22%3A1570799149%2C%22m%22%3A%22in%22%2C%22p%22%3Anull%7D"},{"domain":".spotify.com","expiry":1575985235.061288,"httpOnly":false,"name":"sp_t","path":"/","secure":false,"value":"76552f2e7303483d3a62b44867586f87"},{"domain":".spotify.com","expiry":1570803012.139907,"httpOnly":false,"name":"sp_usid","path":"/","secure":true,"value":"d84ce776-d9dd-4c2f-bf61-53058fdded64"},{"domain":".spotify.com","expiry":1601557560,"httpOnly":false,"name":"_hjid","path":"/","secure":true,"value":"65d15327-6761-47d5-a3ee-730689c8558c"},{"domain":"open.spotify.com","httpOnly":false,"name":"sss","path":"/track","secure":false,"value":"1"},{"domain":".open.spotify.com","httpOnly":false,"name":"sss","path":"/track","secure":true,"value":"1"}]